{"schemaVersion":"1.0","appDefinitionTemplate":{"id":"/providers/Microsoft.PowerApps/apps/","type":"Microsoft.PowerApps/apps","tags":{"primaryDeviceWidth":"1366","primaryDeviceHeight":"768","sienaVersion":"20220217T041354Z-3.22014.14.0","deviceCapabilities":"","supportsPortrait":"true","supportsLandscape":"true","primaryFormFactor":"Tablet","publisherVersion":"3.22014.14","minimumRequiredApiVersion":"2.2.0","hasComponent":"true","hasUnlockedComponent":"true","isUnifiedRootApp":"false"},"properties":{"appVersion":"2022-02-17T04:13:54Z","lifeCycleId":"Published","createdByClientVersion":{"major":3,"minor":22014,"build":14,"revision":0,"majorRevision":0,"minorRevision":0},"minClientVersion":{"major":3,"minor":22014,"build":14,"revision":0,"majorRevision":0,"minorRevision":0},"backgroundColor":"RGBA(0,176,240,1)","backgroundImageUri":"/9270775102958753722/Nb4eed22f-9b23-43fb-8f7a-31701a7b9e8c-logoSmallFile","displayName":"Multi Select Dependent Dropdown","description":"","commitMessage":"","appUris":{"documentUri":{"value":"/9270775102958753722/N486efd6c-71ba-425f-9a77-66f03cd0bf3a-document.msapp"},"imageUris":[]},"createdTime":"0001-01-01T00:00:00Z","lastModifiedTime":"0001-01-01T00:00:00Z","sharedGroupsCount":0,"sharedUsersCount":0,"icons":{"smallIconUri":"/9270775102958753722/N965b8fb2-fe2f-4df0-83d4-e9c67732eb3b-small.png","mediumIconUri":"/9270775102958753722/N6f624e74-10ca-415b-b536-58caef0051d5-medium.png","largeIconUri":"/9270775102958753722/Ne017bd8a-5a45-42b8-ae2c-62c25592cbc7-large.png","wideIconUri":"/9270775102958753722/Ndbecb091-b3be-415d-800c-e5523d5c5465-wide.png"},"connectionReferences":{"d6d9ccbd-de50-4e65-b4d5-a1a587418fcb":{"id":"628d21cc-307d-4887-a1af-e38cbc1f4a47","displayName":"SharePoint","iconUri":"https://connectoricons-prod.azureedge.net/releases/v1.0.1550/1.0.1550.2686/sharepointonline/icon.png","dataSources":["Laboratories","Supplier Tracking Multi"],"dependencies":[],"dependents":[],"parameterHints":{},"parameterHintsV2":{},"isOnPremiseConnection":false,"bypassConsent":false,"dataSets":{"https://ltiblogs.sharepoint.com/sites/Development":{"dataSources":{"Laboratories":{"tableName":"e1180632-e732-4b38-a594-91d7ddc730fd"},"Supplier Tracking Multi":{"tableName":"d79871fa-8a34-4fd3-ae0b-cf103d81c507"}}}},"apiTier":"Standard","isCustomApiConnection":false,"actions":["providers/PowerPlatform.Governance/Operations/Read"]}},"databaseReferences":{},"almMode":"Environment","performanceOptimizationEnabled":true,"canConsumeAppPass":true,"executionRestrictions":{"isTeamsOnly":false,"dataLossPreventionEvaluationResult":{"status":"Compliant","lastEvaluationDate":"2022-02-16T03:29:23.5646782Z","violations":[],"violationsByPolicy":[],"violationErrorMessage":"The app uses the following connectors: shared_sharepointonline."}}},"appType":"ClassicCanvasApp","appComponents":[]}}